,Idea
0,1. Improve the value that your small business is shipping to your customers.
1,2. Improve the efficiency and effectiveness of the value creation process.
2,3. As one of the business improvement ideas can be adding additional value to your initial offer.
3,4. Make your offer to be really irresistible offer.
4,5. Try to implement different over-delivering strategies which will mean that your small business will always over-deliver more than what you have promised.
5,6. Increase the trust your customers have in you and your small business.
6,7. Include your customers in the value creation process.
7,8. Improve the systems that you are using to listen to your customers.
8,9. Increase your knowledge about the customer’s emotions.
9,10. Improve your understanding of the real customer’s needs.
10,11. Improve your shipping process to become more efficient and cost-effective.
11,12. Implement different shipping alternatives that will enable your customers to choose one that is most suitable for them.
12,100+ Blog Post Ideas for Your Small Business Blog
13,13. Build really remarkable total customer experience.
14,14. Work on turning bad customers experience into extraordinary which means always when some of your customers will have a bad experience with your company you will work on improvements.
15,15. Improve your customer satisfaction level.
16,16. Work on improvements to your customer support.
17,17. Improve your total offer.
18,"18. Redesign your marketing processes in your small business, because there will be always room for large improvements."
19,19. Build and work on improvements of your own and all your team members’ networking habits.
20,"20. Create and work on improvements after implementation of your content marketing strategy, and boost your content on social platforms using PPC management for small business."
21,What is the Biggest Difference Between Kaizen and Innovation
22,21. Improve your blogging habits and start blogging on your small business blog more frequently.
23,22. Improve your blog design.
24,23. Start creating really exceptional blog content on your small business blog.
25,24. Start building relationships with the readers of your small business blog.
26,25. Use analytics to find the interest of your readers and improve your whole business blogging process.
27,26. Measure all your marketing activities and improve all your efforts based on performance results.
28,27. Improve your presentation skills and then make sure that your team members will also work on improvements in their presentation skills.
29,28. Improve your social marketing efforts.
30,29. Start measuring the performance of all social media channels that you are using for your small business and make continuous improvements according to the results.
31,30. Improve your marketing messages and ensure they will come to the right persons.
32,31. Improve your competitive research process.
33,32. Improve the processes that you are using in creating and building the community around your small business.
34,33. Build the stronger relationship with your community.
35,34. Always be close to your community.
36,35. Improve knowledge of your sales team.
37,36. Improve your sales process taking into account reducing steps that it has from the customer’s perspective.
38,37. Improve the efficiency and effectiveness of your sales funnel.
39,38. Improve all your efforts related to selling more to existing customers.
40,39. Improve your own and your team’s negotiation skills.
41,40. Exclude everything from your small business that means pressure to your customers.
42,41. Work on cutting your unproductive costs.
43,42. Implement different green solutions.
44,43. Use greener technology in your small business.
45,44. Implement more paperless solutions for your small business.
46,45. Make your small business environmentally concerned company.
47,46. Improve the financial performances of your small business.
48,47. Work on your own self-improvement.
49,"48. Improve your business model, making it more efficient."
50,49. Change your pricing strategies.
51,50. Change your current revenue streams.
52,51. Add more revenue streams to your revenue model.
53,52. Improve your overall revenue model.
54,53. Optimize all elements in order to improve profitability in your small business.
55,"54. Start charging for the value you deliver, not for costs that your small business is making."
56,"55. Each time when you fail, it is the possibility of improvement."
57,"56. List all problems in your small business and build a schedule for working on their solution one by one, from the biggest priority to the smallest priority."
58,57. Change your strategy.
59,58. Change and improve your organizational structure.
60,59. Remove all distractions around you when you are working on the most important business tasks.
61,60. Improve your to-do lists for the most efficient way of doing things in your small business.
62,61. Schedule time for email reading and answering.
63,62. Reduce all your non-value adding time.
64,63. Decrease the need for using the meetings for everything in your small business.
65,64. If you really need to organize meeting make them as short as possible.
66,65. Always follow the implementation of the conclusions and recommendations from the meetings.
67,66. Improve your overall productivity.
68,67. Start practicing leadership at your work.
69,68. Improve your leadership skills.
70,69. Start by delegating some of your tasks and improve your overall delegation process.
71,70. Make improvements in the productivity of your employees.
72,71. Build systems that will allow you to measure their performance.
73,72. Work on optimization of all your systems to ensure as much as possible productivity in their operation.
74,"73. Start doing something, because when you are doing something, you have already improved something in your small business."
75,74. Start with outsourcing non-core business activities.
76,75. Finish all your half-finished projects or simply cancel them.
77,76. Encourage teamwork in your small business.
78,77. Improve how your team members work together.
79,78. Build a more efficient control system for your small business.
80,79. Increase motivational factors in your company.
81,80. Reward all improvement initiatives from each employee in your company.
82,81. Encourage your employees to take different change initiatives without fear.
83,82. Deal with possible resistance to change in the most effective way.
84,83. Inspire your employees to the best way of doing their work.
85,84. Implement learning strategies at all levels of your small business.
86,85. Build your own and your employee’s discipline for doing the work.
87,86. Implement new technology in your small business.
88,87. Make your small business mobile as much as possible.
89,88. Decrease your inventory level.
90,89. Improve your overall inventory management in your small business.
91,90. Start implementing cloud-based technology into your company.
92,91. Try to add virtualization to as much as possible elements in your small business.
93,92. Define what success means for you and start working on achievement.
94,93. Use self-criticism if you want to improve your business.
95,94. Use business ideas book to better manage all your ideas.
96,95. Make the risk analysis for your company and work on the implementation of strategies to handle different risks around you.
97,96. Seize different opportunities around you and your small business.
98,97. See things around you as they really are and you will find many places for improvements.
99,98. Make everyone in your small business responsible for the work that they did.
100,99. Look at different trends inside and outside your small business.
101,100. Improve your decision-making process.
102,101. Improve the decision-making process in your whole company to escape possible bureaucratic behavior.
103,102. Follow and change your business plan as you implement it.
